{"objectName":["Bed2"],"objectPos":[{"x":-0.3725617527961731,"y":-0.003343641757965088,"z":-0.7199834585189819}],"objectRot":[{"x":0.0,"y":0.0,"z":0.0,"w":1.0}]}